id	aligned sequence
0_arrow|+926679|22M|2	CCATAATGTCACCTCCTTTAGT
0_arrow|-1515618|22M|0	CCATTTTCATCTTCCTTTCTAG
0_arrow|+2069729|22M|0	CAAAATATCACCTCCTACTTAG
0_arrow|+2070470|22M|0	ACACATGTTCATCATCCTTTAG
0_arrow|+2070472|22M|0	ACATGTTCATCATCCTTTAGGG
0_arrow|+2070473|22M|0	CATGTTCATCATCCTTTAGGGT
0_arrow|+2092290|22M|0	CCCATATTGCCACCTCCTTTAG
0_arrow|+2203571|22M|1	AAAATACCACCTCCTACTTAGA
0_arrow|+2204297|22M|0	CACATGTTCATCATCCTTTAGG
0_arrow|+2204297|22M|0	CACATGTTCATCATCCTTTAGG
0_arrow|+2204298|22M|0	ACATGTTCATCATCCTTTAGGG
0_arrow|+2666963|22M|2	AATTTTCATCTTCCTTTTTAGC
0_arrow|+2878926|22M|0	AAAACATCCTGAGAATCCTCAG
0_arrow|+2878927|22M|0	AAACATCCTGAGAATCCTCAGG
0_arrow|+2878930|22M|0	CATCCTGAGAATCCTCAGGATG
0_arrow|+3196444|22M|2	AACAGCCTGAGAATCCCCAGGC
