	NM	chromosome	end	guide: id	id	start	strand	level_0	PAM	PAM position	guide length	original	original position	rPAM	reverse complement	strand.1	is a reverse complement	guide+PAM sequence	guide sequence	PAM sequence	position of PAM ini	position of PAM end	distance of codon from PAM	codon: from pam search	guide sequence length	franking sequence	transcript: id	aminoacid: position	aminoacid: wild-type	codon: wild-type	id.1	pos control	amino acid mutation	method	codon	amino acid	position of mutation in codon	codon mutation	nucleotide	nucleotide mutation	mutation on strand	strand: mutation	codon mutation usage Fraction	codon mutation usage Frequency	nucleotide mutation: count	distance of mutation from PAM: minimum	distance of mutation from PAM: maximum	distance of codon start from PAM: minimum	distance of codon start from PAM: maximum	nucleotide: wild-type	nucleotide: mutation	position of mutation	position of mutation from PAM	distance of mutation from PAM	position of guide ini	position of guide end	activity sequence	strategy	guide+PAM length	aligned sequence
0	0	0_arrow	2069751	0_arrow:2069730-2069730+|Target-AID|+|C:T|ACA:ATA|nucleotide|(Target-AID;+;@20;NG;ACA:ATA;T:I;)	0_arrow|+2069729|22M|0	2069729	+	0	NG	down	20	NG	down	[ATGC]G	CN	+	False	CAAAATATCACCTCCTACTTAG	CAAAATATCACCTCCTACTT	AG	42.0	43.0	21.0	ACA	20	GCAATAGCATTGGCGATACAAACAAAATATCACCTCCTACTTAGA	0_arrow:2069730-2069730+		T	ACA	0_arrow:2069730-2069730+|Target-AID|+|C:T|ACA:ATA	False	I	Target-AID	ACA	T	2.0	ATA	C	T	+ strand	+	0.28	18.279	1	16	20	16	23	C	T	22	-20	20	22	41	CAAAA	Target-AID;+;@20;NG;ACA:ATA;T:I;	22	CAAAATATCACCTCCTACTTAG
1	1	0_arrow	2203593	0_arrow:2069730-2069730+|Target-AID|+|C:T|ACA:ATA|nucleotide|(Target-AID;+;@20;NG;ACA:ATA;T:I;)	0_arrow|+2203571|22M|1	2203571	+	0	NG	down	20	NG	down	[ATGC]G	CN	+	False	CAAAATATCACCTCCTACTTAG	CAAAATATCACCTCCTACTT	AG	42.0	43.0	21.0	ACA	20	GCAATAGCATTGGCGATACAAACAAAATATCACCTCCTACTTAGA	0_arrow:2069730-2069730+		T	ACA	0_arrow:2069730-2069730+|Target-AID|+|C:T|ACA:ATA	False	I	Target-AID	ACA	T	2.0	ATA	C	T	+ strand	+	0.28	18.279	1	16	20	16	23	C	T	22	-20	20	22	41	CAAAA	Target-AID;+;@20;NG;ACA:ATA;T:I;	22	AAAATACCACCTCCTACTTAGA
2	0	0_arrow	2070492	0_arrow:2204300-2204300+|Target-AID|+|C:T|ACA:ATA|nucleotide|(Target-AID;+;@17;NG;ACA:ATA;T:I;)	0_arrow|+2070470|22M|0	2070470	+	1	NG	down	20	NG	down	[ATGC]G	CN	+	False	ACACATGTTCATCATCCTTTAG	ACACATGTTCATCATCCTTT	AG	39.0	40.0	18.0	ACA	20	AAAATAAAGTGAACTTGCCACACATGTTCATCATCCTTTAGGGTT	0_arrow:2204300-2204300+		T	ACA	0_arrow:2204300-2204300+|Target-AID|+|C:T|ACA:ATA	False	I	Target-AID	ACA	T	2.0	ATA	C	T	+ strand	+	0.28	18.279	1	16	20	16	23	C	T	22	-17	17	19	38	ACACA	Target-AID;+;@17;NG;ACA:ATA;T:I;	22	ACACATGTTCATCATCCTTTAG
3	0	0_arrow	2204319	0_arrow:2204300-2204300+|Target-AID|+|C:T|ACA:ATA|nucleotide|(Target-AID;+;@17;NG;ACA:ATA;T:I;)	0_arrow|+2204297|22M|0	2204297	+	1	NG	down	20	NG	down	[ATGC]G	CN	+	False	ACACATGTTCATCATCCTTTAG	ACACATGTTCATCATCCTTT	AG	39.0	40.0	18.0	ACA	20	AAAATAAAGTGAACTTGCCACACATGTTCATCATCCTTTAGGGTT	0_arrow:2204300-2204300+		T	ACA	0_arrow:2204300-2204300+|Target-AID|+|C:T|ACA:ATA	False	I	Target-AID	ACA	T	2.0	ATA	C	T	+ strand	+	0.28	18.279	1	16	20	16	23	C	T	22	-17	17	19	38	ACACA	Target-AID;+;@17;NG;ACA:ATA;T:I;	22	CACATGTTCATCATCCTTTAGG
5	0	0_arrow	2204319	0_arrow:2204300-2204300+|Target-AID|+|C:T|ACA:ATA|nucleotide|(Target-AID;+;@18;NG;ACA:ATA;T:I;)	0_arrow|+2204297|22M|0	2204297	+	2	NG	down	20	NG	down	[ATGC]G	CN	+	False	CACATGTTCATCATCCTTTAGG	CACATGTTCATCATCCTTTA	GG	40.0	41.0	19.0	ACA	20	AAAATAAAGTGAACTTGCCACACATGTTCATCATCCTTTAGGGTT	0_arrow:2204300-2204300+		T	ACA	0_arrow:2204300-2204300+|Target-AID|+|C:T|ACA:ATA	False	I	Target-AID	ACA	T	2.0	ATA	C	T	+ strand	+	0.28	18.279	1	16	20	16	23	C	T	22	-18	18	20	39	CACAT	Target-AID;+;@18;NG;ACA:ATA;T:I;	22	CACATGTTCATCATCCTTTAGG
7	0	0_arrow	2070494	0_arrow:2204300-2204300+|Target-AID|+|C:T|ACA:ATA|nucleotide|(Target-AID;+;@18;NG;ACA:ATA;T:I;)	0_arrow|+2070472|22M|0	2070472	+	2	NG	down	20	NG	down	[ATGC]G	CN	+	False	CACATGTTCATCATCCTTTAGG	CACATGTTCATCATCCTTTA	GG	40.0	41.0	19.0	ACA	20	AAAATAAAGTGAACTTGCCACACATGTTCATCATCCTTTAGGGTT	0_arrow:2204300-2204300+		T	ACA	0_arrow:2204300-2204300+|Target-AID|+|C:T|ACA:ATA	False	I	Target-AID	ACA	T	2.0	ATA	C	T	+ strand	+	0.28	18.279	1	16	20	16	23	C	T	22	-18	18	20	39	CACAT	Target-AID;+;@18;NG;ACA:ATA;T:I;	22	ACATGTTCATCATCCTTTAGGG
8	0	0_arrow	2204320	0_arrow:2204300-2204300+|Target-AID|+|C:T|ACA:ATA|nucleotide|(Target-AID;+;@19;NG;ACA:ATA;T:I;)	0_arrow|+2204298|22M|0	2204298	+	3	NG	down	20	NG	down	[ATGC]G	CN	+	False	ACATGTTCATCATCCTTTAGGG	ACATGTTCATCATCCTTTAG	GG	41.0	42.0	20.0	ACA	20	AAAATAAAGTGAACTTGCCACACATGTTCATCATCCTTTAGGGTT	0_arrow:2204300-2204300+		T	ACA	0_arrow:2204300-2204300+|Target-AID|+|C:T|ACA:ATA	False	I	Target-AID	ACA	T	2.0	ATA	C	T	+ strand	+	0.28	18.279	1	16	20	16	23	C	T	22	-19	19	21	40	ACATG	Target-AID;+;@19;NG;ACA:ATA;T:I;	22	ACATGTTCATCATCCTTTAGGG
9	0	0_arrow	2070495	0_arrow:2204300-2204300+|Target-AID|+|C:T|ACA:ATA|nucleotide|(Target-AID;+;@19;NG;ACA:ATA;T:I;)	0_arrow|+2070473|22M|0	2070473	+	3	NG	down	20	NG	down	[ATGC]G	CN	+	False	ACATGTTCATCATCCTTTAGGG	ACATGTTCATCATCCTTTAG	GG	41.0	42.0	20.0	ACA	20	AAAATAAAGTGAACTTGCCACACATGTTCATCATCCTTTAGGGTT	0_arrow:2204300-2204300+		T	ACA	0_arrow:2204300-2204300+|Target-AID|+|C:T|ACA:ATA	False	I	Target-AID	ACA	T	2.0	ATA	C	T	+ strand	+	0.28	18.279	1	16	20	16	23	C	T	22	-19	19	21	40	ACATG	Target-AID;+;@19;NG;ACA:ATA;T:I;	22	CATGTTCATCATCCTTTAGGGT
10	0	0_arrow	2878948	0_arrow:2878931-2878931+|Target-AID|+|C:T|ACA:ATA|nucleotide|(Target-AID;+;@16;NG;ACA:ATA;T:I;)	0_arrow|+2878926|22M|0	2878926	+	4	NG	down	20	NG	down	[ATGC]G	CN	+	False	AAAACATCCTGAGAATCCTCAG	AAAACATCCTGAGAATCCTC	AG	38.0	39.0	17.0	ACA	20	CCGCATGTCCGACACCAAAAAACATCCTGAGAATCCTCAGGATGC	0_arrow:2878931-2878931+		T	ACA	0_arrow:2878931-2878931+|Target-AID|+|C:T|ACA:ATA	False	I	Target-AID	ACA	T	2.0	ATA	C	T	+ strand	+	0.28	18.279	1	16	20	16	23	C	T	22	-16	16	18	37	AAAAC	Target-AID;+;@16;NG;ACA:ATA;T:I;	22	AAAACATCCTGAGAATCCTCAG
11	0	0_arrow	2878949	0_arrow:2878931-2878931+|Target-AID|+|C:T|ACA:ATA|nucleotide|(Target-AID;+;@17;NG;ACA:ATA;T:I;)	0_arrow|+2878927|22M|0	2878927	+	5	NG	down	20	NG	down	[ATGC]G	CN	+	False	AAACATCCTGAGAATCCTCAGG	AAACATCCTGAGAATCCTCA	GG	39.0	40.0	18.0	ACA	20	CCGCATGTCCGACACCAAAAAACATCCTGAGAATCCTCAGGATGC	0_arrow:2878931-2878931+		T	ACA	0_arrow:2878931-2878931+|Target-AID|+|C:T|ACA:ATA	False	I	Target-AID	ACA	T	2.0	ATA	C	T	+ strand	+	0.28	18.279	1	16	20	16	23	C	T	22	-17	17	19	38	AAACA	Target-AID;+;@17;NG;ACA:ATA;T:I;	22	AAACATCCTGAGAATCCTCAGG
12	2	0_arrow	3196466	0_arrow:2878931-2878931+|Target-AID|+|C:T|ACA:ATA|nucleotide|(Target-AID;+;@17;NG;ACA:ATA;T:I;)	0_arrow|+3196444|22M|2	3196444	+	5	NG	down	20	NG	down	[ATGC]G	CN	+	False	AAACATCCTGAGAATCCTCAGG	AAACATCCTGAGAATCCTCA	GG	39.0	40.0	18.0	ACA	20	CCGCATGTCCGACACCAAAAAACATCCTGAGAATCCTCAGGATGC	0_arrow:2878931-2878931+		T	ACA	0_arrow:2878931-2878931+|Target-AID|+|C:T|ACA:ATA	False	I	Target-AID	ACA	T	2.0	ATA	C	T	+ strand	+	0.28	18.279	1	16	20	16	23	C	T	22	-17	17	19	38	AAACA	Target-AID;+;@17;NG;ACA:ATA;T:I;	22	AACAGCCTGAGAATCCCCAGGC
13	0	0_arrow	2878952	0_arrow:2878931-2878931+|Target-AID|+|C:T|ACA:ATA|nucleotide|(Target-AID;+;@20;NG;ACA:ATA;T:I;)	0_arrow|+2878930|22M|0	2878930	+	6	NG	down	20	NG	down	[ATGC]G	CN	+	False	CATCCTGAGAATCCTCAGGATG	CATCCTGAGAATCCTCAGGA	TG	42.0	43.0	21.0	ACA	20	CCGCATGTCCGACACCAAAAAACATCCTGAGAATCCTCAGGATGC	0_arrow:2878931-2878931+		T	ACA	0_arrow:2878931-2878931+|Target-AID|+|C:T|ACA:ATA	False	I	Target-AID	ACA	T	2.0	ATA	C	T	+ strand	+	0.28	18.279	1	16	20	16	23	C	T	22	-20	20	22	41	CATCC	Target-AID;+;@20;NG;ACA:ATA;T:I;	22	CATCCTGAGAATCCTCAGGATG
14	0	0_arrow	1515640	0_arrow:1515639-1515639-|Target-AID|+|C:T|CCA:CTA|nucleotide|(Target-AID;+;@19;NG;CCA:CTA;P:L;)	0_arrow|-1515618|22M|0	1515618	-	7	NG	down	20	NG	down	[ATGC]G	CN	+	False	CCATTTTCATCTTCCTTTCTAG	CCATTTTCATCTTCCTTTCT	AG	41.0	42.0	20.0	CCA	20	ATAAAATCCAATCTTTCTCATCCATTTTCATCTTCCTTTCTAGTC	0_arrow:1515639-1515639-		P	CCA	0_arrow:1515639-1515639-|Target-AID|+|C:T|CCA:CTA	False	L	Target-AID	CCA	P	2.0	CTA	C	T	+ strand	+	0.14300000000000002	13.519	1	16	20	16	23	C	T	22	-19	19	21	40	CCATT	Target-AID;+;@19;NG;CCA:CTA;P:L;	22	CCATTTTCATCTTCCTTTCTAG
15	2	0_arrow	2666985	0_arrow:1515639-1515639-|Target-AID|+|C:T|CCA:CTA|nucleotide|(Target-AID;+;@19;NG;CCA:CTA;P:L;)	0_arrow|+2666963|22M|2	2666963	+	7	NG	down	20	NG	down	[ATGC]G	CN	+	False	CCATTTTCATCTTCCTTTCTAG	CCATTTTCATCTTCCTTTCT	AG	41.0	42.0	20.0	CCA	20	ATAAAATCCAATCTTTCTCATCCATTTTCATCTTCCTTTCTAGTC	0_arrow:1515639-1515639-		P	CCA	0_arrow:1515639-1515639-|Target-AID|+|C:T|CCA:CTA	False	L	Target-AID	CCA	P	2.0	CTA	C	T	+ strand	+	0.14300000000000002	13.519	1	16	20	16	23	C	T	22	-19	19	21	40	CCATT	Target-AID;+;@19;NG;CCA:CTA;P:L;	22	AATTTTCATCTTCCTTTTTAGC
16	0	0_arrow	2092312	0_arrow:2092293-2092293+|Target-AID|+|C:T|CCA:CTA|nucleotide|(Target-AID;+;@18;NG;CCA:CTA;P:L;)	0_arrow|+2092290|22M|0	2092290	+	8	NG	down	20	NG	down	[ATGC]G	CN	+	False	CCCATATTGCCACCTCCTTTAG	CCCATATTGCCACCTCCTTT	AG	40.0	41.0	19.0	CCA	20	CAGAATATCCGCTGTAGAATCCCATATTGCCACCTCCTTTAGTAA	0_arrow:2092293-2092293+		P	CCA	0_arrow:2092293-2092293+|Target-AID|+|C:T|CCA:CTA	False	L	Target-AID	CCA	P	2.0	CTA	C	T	+ strand	+	0.14300000000000002	13.519	1	16	20	16	23	C	T	22	-18	18	20	39	CCCAT	Target-AID;+;@18;NG;CCA:CTA;P:L;	22	CCCATATTGCCACCTCCTTTAG
17	2	0_arrow	926701	0_arrow:2092293-2092293+|Target-AID|+|C:T|CCA:CTA|nucleotide|(Target-AID;+;@18;NG;CCA:CTA;P:L;)	0_arrow|+926679|22M|2	926679	+	8	NG	down	20	NG	down	[ATGC]G	CN	+	False	CCCATATTGCCACCTCCTTTAG	CCCATATTGCCACCTCCTTT	AG	40.0	41.0	19.0	CCA	20	CAGAATATCCGCTGTAGAATCCCATATTGCCACCTCCTTTAGTAA	0_arrow:2092293-2092293+		P	CCA	0_arrow:2092293-2092293+|Target-AID|+|C:T|CCA:CTA	False	L	Target-AID	CCA	P	2.0	CTA	C	T	+ strand	+	0.14300000000000002	13.519	1	16	20	16	23	C	T	22	-18	18	20	39	CCCAT	Target-AID;+;@18;NG;CCA:CTA;P:L;	22	CCATAATGTCACCTCCTTTAGT
